id,name,conferenceid,first_name,last_name,email,job_title,organisation,short_bio,bio,phone_number,mobile_number,password,security,stand_manager,allow_name_search,deleted,apikey,apikey_expiry,last_api_contact,profileimg,profileimg_thumb,profileimg_new,profileimg_thumb_new,attendeeid
4281,james,35,James,Rooney,james_rooney@hotmail.com,,Director,,,\N,\N,$2y$10$CP.A/bWAxN8kBuXevcCor.R7GSMq4qbkHi97Epn6DjaleCh0nmR/S,10,0,1,0,\N,\N,\N,\N,\N,\N,\N,13898
4282,4282@invalid,35,Freddy,Waldvogel,4282@invalid,\N,Xitagy,,\N,\N,\N,$2y$10$Xk8NttkWqGR7idOBc26Sgujc6.bEWYKNaYgrVv1p9dJjxvRhWNGdy,9,0,1,0,\N,\N,\N,\N,\N,\N,\N,13990
4283,4283@invalid,35,Priscila,Neusch,4283@invalid,\N,Public Sector Connect Ltd,,\N,\N,\N,$2y$10$yXliyOEtK8b7JDoP2AKLeeQzL4pHR.YqlD09QrPJw9xQVEckyovCG,9,0,1,0,\N,\N,\N,\N,\N,\N,\N,13902
4284,4284@invalid,35,Olga,Binney,4284@invalid,\N,Public Sector Connect,,\N,\N,\N,$2y$10$4rJzaYxAfBJNWQc8hIHPfuK4jWGjpastK2arheegUWCHPVAcOR2NW,9,0,1,0,\N,\N,\N,\N,\N,\N,\N,13986
4285,4285@invalid,35,Buena,Rogacion,4285@invalid,\N,Public Sector Connect,,\N,\N,\N,$2y$10$DWg/633Cib9ylr4N98IUsemKUUSN52t7lxqVfwLBWF1QJJZl//CRK,9,0,1,0,\N,\N,\N,\N,\N,\N,\N,13994
4286,4286@invalid,35,Andera,Gables,4286@invalid,\N,Cisco,,\N,\N,\N,$2y$10$NQQiYEDiYvMhyDNFybCM.exUU8OGwgOI1JopGvWR1LB5bYZXk79CK,0,0,1,0,\N,\N,\N,\N,\N,\N,\N,13998
4287,4287@invalid,35,Fernando,Knknown,4287@invalid,\N,AdEPT,,\N,\N,\N,$2y$10$XZkHdBKrqqKgFXRVJ7tNyOHIwcvb/ptgK14sQ8mDEh6wJ2Kn5VDkm,0,0,1,0,\N,\N,\N,\N,\N,\N,\N,14002
4288,4288@invalid,35,Chun,Montalto,4288@invalid,\N,Exponential-e,Maketing Manager,\N,\N,\N,$2y$10$5o14D2HBVgi5mt3P64AwOen9/eCTHA1oQuH73q/kDR3aXnj9RhlSa,0,0,1,0,\N,\N,\N,\N,\N,\N,\N,14006
4289,4289@invalid,35,Lovie,Sliwa,4289@invalid,\N,Fordway,Digital Marketing Manager,\N,\N,\N,$2y$10$7QCj7eX50emIY12PrU5EJei0vDPycwSrHLHy6yQ0ii6CnOBOaGnFK,0,0,1,0,\N,\N,\N,\N,\N,\N,\N,14010
4290,4290@invalid,35,Leslie,Balbas,4290@invalid,\N,FourNet,,\N,\N,\N,$2y$10$SSr.iFHg1XYVUaf.hiPV9.3rogs5xc7HZ4cChnmNsQzHH4lvvjCk2,0,0,1,0,\N,\N,\N,\N,\N,\N,\N,14014
4291,4291@invalid,35,Krystal,Brumfield,4291@invalid,\N,Glemnet,,\N,\N,\N,$2y$10$oLE2KoHNwJ7WgSo4uLY8Ve09ztzNfGEyWC4yw86bbTBCPF6lumZ3G,0,0,1,0,\N,\N,\N,\N,\N,\N,\N,14018
4292,4292@invalid,35,Anjanette,Skinner,4292@invalid,\N,hso,,\N,\N,\N,$2y$10$KMZdDZTOn348GYMkDs/U2urRGMdyXoyTzpUYM.2khEaSqUWFTwA0S,0,0,1,0,\N,\N,\N,\N,\N,\N,\N,14022
4293,4293@invalid,35,Ayako,Rosati,4293@invalid,\N,Jisc,"Govroam Service Manager, Jisc",\N,\N,\N,$2y$10$CHS0rU/YA4oBS//Nf.KUMOfoXLHHvdy1OePX/Xvak84R.6FE4HND6,0,0,1,0,\N,\N,\N,user-4163-profileimg-LolaHarreMar2020.2020-10-22_14:15:30.jpg,\N,\N,\N,14966
4294,4294@invalid,35,Teresita,Zecchini,4294@invalid,\N,Juniper Networks,,\N,\N,\N,$2y$10$GPzrCzaA3ZwwNDbMhrM89OPq3unJ5ZyQa5nWpPkd4/gvKfp7KaApy,0,0,1,0,\N,\N,\N,\N,\N,\N,\N,14030
4295,4295@invalid,35,Charley,Hirstein,4295@invalid,\N,Maintel,,\N,\N,\N,$2y$10$D9Ehdm/u2RKqg.Zy7xovVODqdJiJkSU2jSiyrblMCweWgibtwSROu,0,0,1,0,\N,\N,\N,\N,\N,\N,\N,14034
4296,4296@invalid,35,Kraig,Leaven,4296@invalid,\N,MLL Telecom,,\N,\N,\N,$2y$10$fUjnZphQVbOc0VLUwYEJdOwNDnAnUKDLt0nORt/jJ7ktgq8MEoFl2,0,0,1,0,\N,\N,\N,\N,\N,\N,\N,14038
4297,4297@invalid,35,Oma,Moevao,4297@invalid,\N,TNP,,\N,\N,\N,$2y$10$CuWEgEn62pZeW9x3aRAanOI9111JqrDJZ/6oLhqxqDemI4BHvW38u,0,0,1,0,\N,\N,\N,\N,\N,\N,\N,14042
4298,4298@invalid,35,Krystyna,Weisse,4298@invalid,\N,Virgin Media Business,,\N,\N,\N,$2y$10$LLwG4m6xLPNfhSBnSkDQ/ezweC3g2j0nbYEFDSfAdszWyLasr.8c6,0,0,1,0,\N,\N,\N,\N,\N,\N,\N,14046
4299,4299@invalid,35,Josue,Bankos,4299@invalid,\N,Virgin Media Business,,\N,\N,\N,$2y$10$QngwrEgwc53P9y3TCcR9N.aLN.HsqDsAchxML9AdiCPyaVp2NAjji,0,0,1,0,\N,\N,\N,\N,\N,\N,\N,14050
4300,4300@invalid,35,Frankie,Nocket,4300@invalid,\N,TNP,,\N,\N,\N,$2y$10$d/7Jr8c7UOGynQjCHS9bYeg6LRtwr6pLp3hg8omIQ8oZXNoGFDfiu,0,0,1,0,\N,\N,\N,\N,\N,\N,\N,14054
4301,4301@invalid,35,Karyl,Nao,4301@invalid,\N,AdEPT,"Head of Business Development, AdEPT",\N,\N,\N,$2y$10$PNv6bffLFE1oEm0JEMSBDuZHezs4o2SziRYx2T6UlJR/0sD8OZlk6,0,0,1,0,\N,\N,\N,user-4171-profileimg-PaulMathewsMar2020.2020-10-22_14:29:19.jpg,\N,\N,\N,14058
4302,4302@invalid,35,Breana,Bousson,4302@invalid,\N,AdEPT,"Director, AdEPT",\N,\N,\N,$2y$10$h0DdmYDBDGkv0ejPeNDN9uoASkbYX.Y5Gywy4Ur3g1Y8O/XyQBWoe,0,0,1,0,\N,\N,\N,user-4172-profileimg-AlexLarcombeMarr2020.2020-10-22_14:28:39.jpg,\N,\N,\N,14062
4303,4303@invalid,35,Kathrine,Rongstad,4303@invalid,\N,FourNet,"Head of Public Sector, FourNet",\N,\N,\N,$2y$10$r0tBHAD4RUWZFVyfakyRJ.f4jE4LBfjuN6znedoa5Vk20JllxLgHK,0,0,1,0,\N,\N,\N,user-4173-profileimg-BenRyland.2020-10-22_14:20:27.jpeg,\N,\N,\N,14786
4304,4304@invalid,35,Asa,Altermatt,4304@invalid,\N,MLL Telecom,"Head of Public Sector, MLL Telecom",\N,\N,\N,$2y$10$0szW0inTh10DWQHCpc1Z1un0F2r87i/Od2XtcrOvyFvYRIkfKn0bK,0,0,1,0,\N,\N,\N,user-4174-profileimg-JeremyWastieAug19.2020-10-22_14:27:11.jpg,\N,\N,\N,15166
4305,4305@invalid,35,Hee,Moyer,4305@invalid,\N,Virgin Media Business,"Business Development Manager, Virgin Media Business",\N,\N,\N,$2y$10$bhyMP4wE0RShDeb7JaDobOvsSWDB7JojiFCqZfDJDZurqAGgl22DS,0,0,1,0,\N,\N,\N,user-4175-profileimg-KeithSmith-Feb20.2020-10-22_14:22:53.png,\N,\N,\N,15566
4306,4306@invalid,35,Nickole,Overlock,4306@invalid,\N,Juniper Networks,Director - Enterprise Security,\N,\N,\N,$2y$10$V46nOGl4HnLIJp4zNHY6j.ELmEOus3XYYkd9EtKx1bzwyi6rBoNx6,0,0,1,0,\N,\N,\N,user-4176-profileimg-LawrencePitt.2020-11-10_12:22:22.jpg,\N,\N,\N,14970
4307,lynne.magennis@innopsis.org,35,Lynne,Magennis,lynnemagennis@googlemail.com,CONFERENCE CHAIR,Director at Innopsis,,"Lynne is a Director at Innopsis â€“ the trade association for suppliers of Digital Infrastructure and Services to the UK Public Sector.

Currently, Lynne is Head of Bid Management and Frameworks at Daisy Group, one of the most successful IT and Telecoms Service providers in the UK. She has been instrumental in focusing Daisy on Public Sector and is passionate about enabling organisations to do business easily, economically and remaining fully compliant.
Lynne has a strong track record in obtaining strategic Framework places and winning significant public and private sector tenders.

As a former research scientist, Lynne still holds a patent in fire retardant products, bringing her analytical approach to her IT career.

Lynne lives in Buckinghamshire with her family, dog, 3 horses and allotment.",07738 726687,07738 726687,$2y$10$ZtEkQoO3UvD4HeL4iko3TuIuBUdQBBuVgSc0CNDK0hbqhkxghgM22,0,0,1,0,\N,\N,\N,user-4177-profileimg-Lynne Magennis.2020-10-22_14:56:56.jpg,\N,\N,\N,15899
4308,4308@invalid,35,Silas,Menear,4308@invalid,\N,"Department for Digital, Culture, Media and Sport","Commercial Lead - Building Digital UK, DCMS",\N,\N,\N,$2y$10$JEBL7IZ2vvtdeeKX9.WuYeB5ifQZpCBUrXMFT6lnvL.n9X6GxGwFG,0,0,1,0,\N,\N,\N,user-4178-profileimg-Matt Agar DCMS.2020-10-22_15:00:10.jpg,\N,\N,\N,14086
4309,4309@invalid,35,Nilsa,Ondersma,4309@invalid,\N,GDS (Government Digital Service),"Head of Technology Policy, GDS",\N,\N,\N,$2y$10$XmgAue4ErVsorfOe.MB8R.01gfratK1DbbUDW8.ItUa/cocUnDORm,0,0,1,0,\N,\N,\N,user-4179-profileimg-RhiannonLawsonMar2020.2020-10-22_15:02:25.jpg,\N,\N,\N,14090
4310,4310@invalid,35,Enoch,Treherne,4310@invalid,\N,NHS Digital,"Migration Lead for HSCN, NHS Digital",\N,\N,\N,$2y$10$nZE/4m26Dhi1qrwfAQjYBeT.derOHVizGExyvK5zesEH8n0Y1.RWG,0,0,1,0,\N,\N,\N,user-4180-profileimg-Dan Parry NHS Digital.2020-10-22_15:04:28.jpg,\N,\N,\N,15238
4311,4311@invalid,35,Leon,Elizondo,4311@invalid,\N,Crown Commercial Service,"Head of inlife Telecoms , Crown Commercial Service",\N,\N,\N,$2y$10$JxIRrNTedy12i13mjAPcKe5VJzc2cY7sKrSfN/Y7kMgEUnJo9Ehr2,0,0,1,0,\N,\N,\N,user-4181-profileimg-AndrewBramleyCCS.2020-10-22_15:06:50.jpg,\N,\N,\N,14598
4312,4312@invalid,35,Stephine,Krupp,4312@invalid,\N,Switchshop,Marketing and Communications Lead,\N,\N,\N,$2y$10$IQeUYt7GvvMHoAH2G7Qrgu9DZl1VmzBqoVUSYAc1T7q6oZSMlcm72,0,0,1,0,\N,\N,\N,\N,\N,\N,\N,14102
4313,4313@invalid,35,Hwa,Farson,4313@invalid,\N,Switchshop,Marketing and Administrative Apprentice,\N,\N,\N,$2y$10$l82JFVDX5Ua0kDFerzyOAeCqrk5KLjpuiwhCqeWtbFYDL03Zp8OgG,0,0,1,0,\N,\N,\N,\N,\N,\N,\N,14106
4314,4314@invalid,35,Fredericka,Cicatello,4314@invalid,\N,,,\N,\N,\N,$2y$10$A8E1pl8J7riI6225xKa6TuI1CGN7CXDi80Zztatlp60V54t5wlqCu,0,0,1,0,\N,\N,\N,\N,\N,\N,\N,14110
4315,4315@invalid,35,Shawn,Strike,4315@invalid,\N,Daisy Corporate Services,Public Sector Account Manager,\N,\N,\N,$2y$10$pej9ASy56RtXQn74PhJogODjwkJ7QLBNK3rHvCIjkvNADbxrN5cfy,0,0,1,0,\N,\N,\N,\N,\N,\N,\N,14114
4316,4316@invalid,35,Madelyn,Wronski,4316@invalid,\N,Daisy Corporate Services,,\N,\N,\N,$2y$10$kCItEpSwmoKD1x89GJDKQ.JaB7Km85d/MUqns1sb6p/j4fZOpvqG.,0,0,1,0,\N,\N,\N,\N,\N,\N,\N,14118
4317,4317@invalid,35,Maxwell,Witkowski,4317@invalid,\N,Daisy Corporate Services,Head of Marketing Communications,\N,\N,\N,$2y$10$fWOT7ACeqStbD7pKc6jqb.KpEBSaK5PJkCfxHxu/gn/ruBFxqONde,0,0,1,0,\N,\N,\N,\N,\N,\N,\N,14122
4318,4318@invalid,35,Nigel,Naves,4318@invalid,\N,NFON,Pre-Sales Solutions Consultant,\N,\N,\N,$2y$10$rnA23KZZBEJtPfFU1m9xlu4HH1ZGQqBe/k7UOPNCllfJIYfznOtPm,0,0,1,0,\N,\N,\N,\N,\N,\N,\N,14126
4319,4319@invalid,35,Lynnette,Ten,4319@invalid,\N,NFON,,\N,\N,\N,$2y$10$gBvnxGoJc/pAgdePGeW0X.0ZvKzJqFKGa8Et1IUqyP7N.lQIy8lWS,0,0,1,0,\N,\N,\N,\N,\N,\N,\N,14130
4320,4320@invalid,35,Wilmer,Maccarini,4320@invalid,\N,Glemnet,,\N,\N,\N,$2y$10$sDjcbpL1u834trp/mfOfpuuLAn7gAVwnCi.BcL10oBVd8Y2MRF7w6,0,0,1,0,\N,\N,\N,\N,\N,\N,\N,14134
4321,4321@invalid,35,Otis,Deberry,4321@invalid,\N,Glemnet,,\N,\N,\N,$2y$10$DUjL7Ch0YQV1CAMlK54czeYOFzdDulu6dwfQpiN9UGh1eIPXRsxia,0,0,1,0,\N,\N,\N,\N,\N,\N,\N,14138
4322,4322@invalid,35,Shawanna,Stansell,4322@invalid,\N,Virgin Media Business,Account Executive,\N,\N,\N,$2y$10$Bn7dmb739hSppOa8jXrLSeOv.pSfXBJlK1xHrt835FLhGhfeAG5c6,0,0,1,0,\N,\N,\N,\N,\N,\N,\N,14142
4323,4323@invalid,35,Fran,Rudkin,4323@invalid,\N,Virgin Media Business,Account Manager,\N,\N,\N,$2y$10$FcFlcws5d0F6iXJUGseqHOvNYIMy4jWsu1nAz1wE2vfeprncRgASe,0,0,1,0,\N,\N,\N,\N,\N,\N,\N,14146
4324,4324@invalid,35,Enda,Seid,4324@invalid,\N,Switchshop,Senior Account Manager,\N,\N,\N,$2y$10$Y2kQCMfUF7Qgb6iwcnoO7uXVhdTUDVFg.FVxoCukdZOFYuKUPzhLq,0,0,1,0,\N,\N,\N,\N,\N,\N,\N,14150
4325,4325@invalid,35,Ivette,Eglinton,4325@invalid,\N,Switchshop,Account Manager,\N,\N,\N,$2y$10$25AmOQk4CmTZBFU0alszXuRGLz1dD72vS8pzDwAUdWGcP4GkVeKsu,0,0,1,0,\N,\N,\N,\N,\N,\N,\N,14154
4326,4326@invalid,35,Robin,Kovacs,4326@invalid,\N,NHS Digital,,\N,\N,\N,$2y$10$WWYARU4E2j3j6c9JDieAXeWaD5Dke6ovPtxLLNVXoW12xK2GEzO3W,0,0,1,0,\N,\N,\N,user-4196-profileimg-AnnaHawksleyNov20.2020-11-09_11:19:29.jpg,\N,\N,\N,15242
4327,4327@invalid,35,Rosanne,Diogo,4327@invalid,\N,Kent Public Service Network,"Head of KPSN, Kent Public Service Network",\N,\N,\N,$2y$10$zwtZ2NHn.pUCmn8eknwMcuRjXA8IgtdkjZL4IvdYcwH8lWxKIBjbC,0,0,1,0,\N,\N,\N,user-4197-profileimg-DaveLindsayOct2020.2020-10-28_12:26:30.png,\N,\N,\N,14994
4328,4328@invalid,35,Thuy,Claud,4328@invalid,\N,Glemnet,,\N,\N,\N,$2y$10$vKdlics1zK0535xHF2eSI.gvJ9fa1O0KJ0/V.f1/XI2aBif2CaABO,0,0,1,0,\N,\N,\N,\N,\N,\N,\N,14166
4329,4329@invalid,35,Johnnie,Olma,4329@invalid,\N,Fordway,,\N,\N,\N,$2y$10$8wB35keYa07D3PanLGvXm.ZnPaZfR/agADFjZAiTmsWC4/ZucWgO.,0,0,1,0,\N,\N,\N,\N,\N,\N,\N,14170
4330,4330@invalid,35,Latina,Lockett,4330@invalid,\N,MLL Telecom,,\N,\N,\N,$2y$10$.BzrG0KF/4eiSJHrHXaDWObRlYGnQwVj.f/qoNnKp76MAyo7lPw66,0,0,1,0,\N,\N,\N,\N,\N,\N,\N,14174
4331,4331@invalid,35,Preston,Nini,4331@invalid,\N,MLL Telecom,,\N,\N,\N,$2y$10$2PxiWGoc1v2YWn4iIVXSZunNjvgkdVubi6nZ0hPdFwoOBxbyRrj12,0,0,1,0,\N,\N,\N,\N,\N,\N,\N,14178
4332,4332@invalid,35,Lou,Sysyn,4332@invalid,\N,MLL Telecom,,\N,\N,\N,$2y$10$80OGIlVrFZteSEEprXF5T.bZCUE0UjYdsCSGIvVTxLncV6rjLEYtS,0,0,1,0,\N,\N,\N,\N,\N,\N,\N,14182
4333,4333@invalid,35,Kym,Tingle,4333@invalid,\N,MLL Telecom,,\N,\N,\N,$2y$10$4e0NgS8KEG4To5RhU9iW6eVYyeNrU..Z9KZmK..Vw0eo42XCnpu92,0,0,1,0,\N,\N,\N,\N,\N,\N,\N,14186
4334,4334@invalid,35,Shea,Opell,4334@invalid,\N,Public Sector Connect,,\N,\N,\N,$2y$10$S8i7Qyl/cqtVGzrxyK0beOUFR/xbZetrCF0rVmOQfb7qZByYUeTz2,0,0,1,0,\N,\N,\N,user-4204-profileimg-Georgia.2020-11-02_13:58:54.jpg,\N,\N,\N,14190
4335,4335@invalid,35,Marceline,Formby,4335@invalid,\N,Virgin Media Business,,\N,\N,\N,$2y$10$7DPOW.atEtKbXHE.hJKyDetP8n4uw58Vtpcefu8tkWt2VqIv865Qe,0,0,1,0,\N,\N,\N,\N,\N,\N,\N,14194
4336,4336@invalid,35,Jillian,Neehouse,4336@invalid,\N,Juniper Networks,,\N,\N,\N,$2y$10$aPbFGzvtk956n//T.WGnKOa7QJ3Id2mIDBcCVDt7yMmAx8sFf9zee,0,0,1,0,\N,\N,\N,\N,\N,\N,\N,14198
4337,4337@invalid,35,Sherron,Niedermeier,4337@invalid,\N,Juniper Networks,,\N,\N,\N,$2y$10$Q9hBYhDpK8zyWhd6gGZbgOxAvhTDrCa6OOKNJux.90pzOgwoFGEDK,0,0,1,0,\N,\N,\N,\N,\N,\N,\N,14202
4338,4338@invalid,35,Johnson,Vaudrain,4338@invalid,\N,Juniper Networks,,\N,\N,\N,$2y$10$3JZ6I.8Li0X.IQIQRMG5.uKlIpcrYo8CQFONdnCAIxXS8PSAGIuqG,0,0,1,0,\N,\N,\N,\N,\N,\N,\N,14206
4339,4339@invalid,35,Yulanda,Freshley,4339@invalid,\N,TNP,\N,\N,\N,\N,$2y$10$LfEBDwzHk2vQhIUwUcqYF.F9aZOMYBffqIEgayJTgmV9z0E.wG4tK,0,0,1,0,\N,\N,\N,\N,\N,\N,\N,14210
4340,4340@invalid,35,Coletta,Naff,4340@invalid,\N,Daisy Group,,\N,\N,\N,$2y$10$qR6ioM5IDYTWjmDkjVGft.CSLmpyA/ETxHLnsGwufDsBqJI4NFBnu,0,0,1,0,\N,\N,\N,\N,\N,\N,\N,14214
4341,4341@invalid,35,Jenni,Abdou,4341@invalid,\N,Daisy Corporate Services,,\N,\N,\N,$2y$10$tDOcIG8Bww6coXCe5D1sTu3yBySeRzLjDxV6FHx7h9HaCUTZmKeeW,0,0,1,0,\N,\N,\N,\N,\N,\N,\N,14218
4342,4342@invalid,35,Alvina,Yundt,4342@invalid,\N,Crown Commercial Service,,\N,\N,\N,$2y$10$nvLx24H.m5WHAFY9VNeU1Otel9bNJekoFnZzEnJL0T5sR6h2O.856,0,0,1,0,\N,\N,\N,\N,\N,\N,\N,14222
4343,4343@invalid,35,Orpha,Dinkle,4343@invalid,\N,Daisy Corporate Services,,\N,\N,\N,$2y$10$65gBFqtHLIV3s7FakQpUYu9u.clb23132YLSJ8dIPaOVLztz1sRbG,0,0,1,0,\N,\N,\N,\N,\N,\N,\N,14226
4344,4344@invalid,35,Latina,Lubben,4344@invalid,\N,Daisy Corporate Services,,\N,\N,\N,$2y$10$AQiKBKC9oOOD.EU2dz1AYeeJQFw6aylKuVnqFzxSSVmh4/4OY4RCO,0,0,1,0,\N,\N,\N,\N,\N,\N,\N,14230
4345,4345@invalid,35,Albertine,Jilek,4345@invalid,\N,Cisco,,\N,\N,\N,$2y$10$e4JDIQAEfEDl/Xprznt/WOX99YcHrTPhk0VQdJiyjkVzzqeMmol4S,0,0,1,0,\N,\N,\N,user-4215-profileimg-MarkJacksonNov2020.2020-11-12_12:50:56.jpg,\N,\N,\N,14234
4346,4346@invalid,35,Kathie,Hrycenko,4346@invalid,\N,Innopsis,,\N,\N,\N,$2y$10$/yfyNHuRxzXl83SefBrtT.mbcebVb70XE68HqonnhvjSTSC6m4hW.,0,0,1,0,\N,\N,\N,\N,\N,\N,\N,14238
4347,4347@invalid,35,Fumiko,Coble,4347@invalid,\N,Jisc,,\N,\N,\N,$2y$10$tD9yt.2EePhqfoGOv6yibuf6y0/bp64VLw/Ih9qvMWCABO2gxEh4W,0,0,1,0,\N,\N,\N,\N,\N,\N,\N,14242
4348,4348@invalid,35,Jena,Aiava,4348@invalid,\N,Jisc,,\N,\N,\N,$2y$10$ElGjrdOHnecf3GnDiHJIsuGogUra1U0jcWsQzIYhDfxW9wn7pctJe,0,0,1,0,\N,\N,\N,\N,\N,\N,\N,14246
4349,4349@invalid,35,Ruth,Vansant,4349@invalid,\N,Jisc,,\N,\N,\N,$2y$10$ikKgzRzbJL8moUrzIxrld.AyeV9HvlPQWFjhLDApgcUYBv0FWsMrm,0,0,1,0,\N,\N,\N,\N,\N,\N,\N,14250
4350,4350@invalid,35,Demetra,Browm,4350@invalid,\N,AdEPT Technology Group,,\N,\N,\N,$2y$10$TitsrVXX.ubopfnCHv6hvuqyKbeONB/kB/rrcE5aDHtpq.1UsedU2,0,0,1,0,\N,\N,\N,user-4220-profileimg-Ian_Fishwick.2020-11-16_10:43:19.jpg,\N,\N,\N,14942
4351,4351@invalid,35,Toccara,Lota,4351@invalid,\N,FourNet,\N,\N,\N,\N,$2y$10$xJ2bOJ9vdg8rY6VwcBvGieEZW8ETwdTZXd4cJhfcdt.0kYssUlNJy,0,0,1,0,\N,\N,\N,\N,\N,\N,\N,14258
4352,4352@invalid,35,Zachery,Mockbee,4352@invalid,\N,Cisco,,\N,\N,\N,$2y$10$IBLeZ8342gLJAG1gW8cwSOEqX8dLosn3bc7aWqtaqrrSDB6mB3M.i,0,0,1,0,\N,\N,\N,user-4222-profileimg-David Goff Cisco.2020-11-17_11:26:17.jpg,\N,\N,\N,14514
4353,4353@invalid,35,Madalyn,Banister,4353@invalid,\N,"BDUK, Deprtment for Digital, Culture, Media and Sport",,\N,\N,\N,$2y$10$9B8SHaHX1EObKyLRY1XPwONH2NypRsbcNuEbNWit6NycOFyjkJ392,0,0,1,0,\N,\N,\N,user-4223-profileimg-JamesGeorge.2020-11-17_12:03:32.jpg,\N,\N,\N,14418
4354,4354@invalid,35,Dorotha,Ayoob,4354@invalid,\N,AdEPT Technology Group,,\N,\N,\N,$2y$10$ezpmcmbDz5wYf.m6Ar109eD/NMuNjXSs7nJkFManou3GdrRdHs8BK,0,0,1,0,\N,\N,\N,user-4224-profileimg-Tim Scott.2020-11-18_15:10:39.jpg,\N,\N,\N,14398
4355,4355@invalid,35,Corazon,Klasen,4355@invalid,\N,Maintel,,\N,\N,\N,$2y$10$T6uXmxP53RKpkSewnx.ejuV0SZ9TRqglmFjLXZMf82J0iO7nj7bpW,0,0,1,0,\N,\N,\N,\N,\N,\N,\N,14278
4356,4356@invalid,35,Brandie,Leger,4356@invalid,\N,Maintel,,\N,\N,\N,$2y$10$5eEdUwexRMGmBtGstrfo6eS3eA5Rx/BQcprbtuxvUweD2isRvosWS,0,0,1,0,\N,\N,\N,\N,\N,\N,\N,14282
4357,4357@invalid,35,Nenita,Fuda,4357@invalid,\N,Maintel,,\N,\N,\N,$2y$10$L/S2EgYnvGNBEZDFvcmbyuUEO2EPGqveQ3JLaDb7Kk3yoZJE/0sEe,0,0,1,0,\N,\N,\N,\N,\N,\N,\N,14286
4358,4358@invalid,35,Lizette,Theriot,4358@invalid,\N,Maintel,,\N,\N,\N,$2y$10$L2cEObe/Q1a9150fZW4UB.5iRqWjNIl6LFbNg907O9hN.Yg4uLSRu,0,0,1,0,\N,\N,\N,\N,\N,\N,\N,14290
4359,4359@invalid,35,Jutta,Caughey,4359@invalid,\N,Maintel,,\N,\N,\N,$2y$10$OojdNrXyNH24eYTs7QWjyOfbcFx5dbmIanaZY4YjFraRn3YT/1WNW,0,0,1,0,\N,\N,\N,\N,\N,\N,\N,14294
4360,4360@invalid,35,Bennett,Padro,4360@invalid,\N,Cisco,\N,\N,\N,\N,$2y$10$BoXhkPkQUQ6vsYdyseveVujwyCuCF6ERAHAUHGo5D7q4i6LZYjHee,0,0,1,0,\N,\N,\N,\N,\N,\N,\N,14510
4361,4361@invalid,35,Donnie,Drow,4361@invalid,\N,Cisco,\N,\N,\N,\N,$2y$10$A1fauGXdOuzX80UsNTgoiOSQpv12.E.0XjmzAZLSy1RwX4ET2Wx2u,0,0,1,0,\N,\N,\N,\N,\N,\N,\N,14302
4362,4362@invalid,35,Adrian,Fest,4362@invalid,\N,Cisco,\N,\N,\N,\N,$2y$10$67fqhfSy3vGKBi7IMQkkPezh9bNQE6R2dDwVCOeDCBO9S9zD89t66,0,0,1,0,\N,\N,\N,\N,\N,\N,\N,14306
4363,4363@invalid,35,Ava,Miessner,4363@invalid,\N,Cisco,\N,\N,\N,\N,$2y$10$Ntyn5QqlkNwBGXthpTvpwOwf2TcAapmdxKhB9YCLj2IR5vTF6uzUu,0,0,1,0,\N,\N,\N,\N,\N,\N,\N,14310
4364,4364@invalid,35,Georgine,Fuelling,4364@invalid,\N,Exponential-e,\N,\N,\N,\N,$2y$10$WUxGOXOyf1wMaWQwzhW6Yu01MiAelL0Y/cPBdqXzPPOkIanFfpq7C,0,0,1,0,\N,\N,\N,\N,\N,\N,\N,14314
4365,4365@invalid,35,Jacinda,Apolo,4365@invalid,\N,Exponential-e,\N,\N,\N,\N,$2y$10$.17fl/jRCxw3pif94N23e.9ZniZwCrcM9Sy7LtCdkIMevAWjeKqdK,0,0,1,0,\N,\N,\N,\N,\N,\N,\N,14318
4366,4366@invalid,35,Liliana,Castner,4366@invalid,\N,Exponential-e,\N,\N,\N,\N,$2y$10$5pq4mnh6L8lEIF4kNW.0X..Vo4ueJgtnfOGwpHNQZq1Yc8tY3iKJ6,0,0,1,0,\N,\N,\N,\N,\N,\N,\N,14322
4367,4367@invalid,35,Cami,Marsolek,4367@invalid,\N,Exponential-e,\N,\N,\N,\N,$2y$10$VciLTSch2nEjvDk8bJS25u2tTSCXyB9a09SQVJ7VoqBXZJdbrd9Ly,0,0,1,0,\N,\N,\N,\N,\N,\N,\N,14326
4368,4368@invalid,35,Pearle,Malkani,4368@invalid,\N,Exponential-e,\N,\N,\N,\N,$2y$10$0ugTTbPQsIDDAI2uAO/8z.W879u3de9mOM4Cqzmj0ASvjHots0gBi,0,0,1,0,\N,\N,\N,\N,\N,\N,\N,14330
4369,4369@invalid,35,Gerardo,Juenemann,4369@invalid,\N,Exponential-e,\N,\N,\N,\N,$2y$10$r7fiQr5KBgvjgUl2UX/rMuoPhkrgvW1Wgy/cN1FREwJX/Xu3268Wi,0,0,1,0,\N,\N,\N,\N,\N,\N,\N,14334
4370,4370@invalid,35,Barrie,Rediger,4370@invalid,\N,Exponential-e,\N,\N,\N,\N,$2y$10$HS32bzI7r9TroB0mG9J/5O1k4PiJ105DH2BxK4nhje2GIlyMxVpnq,0,0,1,0,\N,\N,\N,\N,\N,\N,\N,14338
4371,4371@invalid,35,Latoria,Pear,4371@invalid,\N,Exponential-e,\N,\N,\N,\N,$2y$10$xxUKG9Y8h1LDif0pZ83NpeoyoZ5CI7zME5XPFo/pKEgh6dKXVTm4i,0,0,1,0,\N,\N,\N,\N,\N,\N,\N,14342
4372,4372@invalid,35,Lewis,Topor,4372@invalid,\N,Exponential-e,\N,\N,\N,\N,$2y$10$dkQfn8vGbfRrccmfmPxsM.nPTAigQLV56BYFj453rxQ.T5fRz1Stq,0,0,1,0,\N,\N,\N,\N,\N,\N,\N,14346
4373,4373@invalid,35,Amira,Aylesworth,4373@invalid,\N,Exponential-e,\N,\N,\N,\N,$2y$10$Y.T42jHdkOii0syt45kNG.Yk7x2WvFBo6oyEQirMOhENzHpFzPX4i,0,0,1,0,\N,\N,\N,\N,\N,\N,\N,14350
4374,4374@invalid,35,Lucille,Conterras,4374@invalid,\N,Exponential-e,\N,\N,\N,\N,$2y$10$Fj8dWMo2q4fwbicI/pwN4um96AcEcO9NAIX/3iI.OOJQGK21Iwxtm,0,0,1,0,\N,\N,\N,\N,\N,\N,\N,14354
4375,4375@invalid,35,Earline,Mitcham,4375@invalid,\N,Exponential-e,\N,\N,\N,\N,$2y$10$.TD7rIi/xgbyEFZ71fJeFur8mFpT6yRsTnLYMVEvc4MgXLjbMdR.S,0,0,1,0,\N,\N,\N,\N,\N,\N,\N,14358
4376,4376@invalid,35,Corinne,Weakly,4376@invalid,\N,Exponential-e,\N,\N,\N,\N,$2y$10$2Wr6FUpCK1jyhyGPToneoOmcNExk5fJrFIBb5MvbWJQPvJ6jYUNIy,0,0,1,0,\N,\N,\N,\N,\N,\N,\N,14362
4377,4377@invalid,35,Jessia,Bulloch,4377@invalid,\N,Crown Commercial Service,,\N,\N,\N,$2y$10$8AfVasbabRYz7FX6RMbnMeZRnVyp3098u0vnIah/A1HZhXRvrJ4fC,0,0,1,0,\N,\N,\N,\N,\N,\N,\N,14274
4378,4378@invalid,35,Holli,Oldfield,4378@invalid,\N,TNP,\N,\N,\N,\N,$2y$10$7ouzvPYNLZw8s3gS8qtA6O8CTEAD/H6sqTQzQlj3b016YQPmxart2,0,0,1,0,\N,\N,\N,\N,\N,\N,\N,14366
4379,4379@invalid,35,Stacy,Aronow,4379@invalid,\N,Fordway,\N,\N,\N,\N,$2y$10$wxrqg49c3uxpyq900vKN3ez1DdAD6HJTz6QQYdIdfiwlL1bh7hnDa,0,0,1,0,\N,\N,\N,\N,\N,\N,\N,14370
4380,4380@invalid,35,Yael,Truocchio,4380@invalid,\N,Fordway,\N,\N,\N,\N,$2y$10$p1MOxULaBrI49NzgRoINvuXSTmfzrhE4w.CUO5vWja9UKqdeb/kGK,0,0,1,0,\N,\N,\N,\N,\N,\N,\N,14374
4381,4381@invalid,35,Julene,Verdugo,4381@invalid,\N,Fordway,\N,\N,\N,\N,$2y$10$jBho7XAB5glWNfurTrZ3aunk3hfpo0ab7zeNbCFYNrqoCka3sYWhO,0,0,1,0,\N,\N,\N,\N,\N,\N,\N,14378
4382,4382@invalid,35,Ryan,Karagiannis,4382@invalid,\N,Fordway,\N,\N,\N,\N,$2y$10$xBArpgtbB82piExFAPwf4.gaTzmJhu06IeNLjxEPT5ZjqMjn/TjYG,0,0,1,0,\N,\N,\N,\N,\N,\N,\N,14382
4383,4383@invalid,35,Alvin,Hunsberger,4383@invalid,\N,Public Sector Connect,,\N,\N,\N,$2y$10$euzzO2rL8KrrSuKDDhnFkevTx41ZpOM0uVF4l1px7PJF8UTt6akli,0,0,1,0,\N,\N,\N,\N,\N,\N,\N,14386
4384,4384@invalid,35,Kylie,Corneluis,4384@invalid,\N,Glemnet,\N,\N,\N,\N,$2y$10$0dkmzp014wKRgzeWNGY19elF1f2bmR4C7w5g1TOs9AezP6tNx42EO,0,0,1,0,\N,\N,\N,\N,\N,\N,\N,15694
4385,4385@invalid,35,Maura,Purtle,4385@invalid,\N,Glemnet,\N,\N,\N,\N,$2y$10$Z0rG.OaQbt2AGPeeU6ugpOXnltlY4Db9Pw6uoqOtpXCgeZWDM6V9i,0,0,1,0,\N,\N,\N,\N,\N,\N,\N,15698
4386,4386@invalid,35,Thanh,Remson,4386@invalid,\N,Glemnet,\N,\N,\N,\N,$2y$10$WU7lwFPnYscoad9tVvEGzu5yDhEMDa17OumlarsfwmcUaoq5OmuxW,0,0,1,0,\N,\N,\N,\N,\N,\N,\N,15702
4387,4387@invalid,35,Berenice,Skidgel,4387@invalid,\N,Solarwinds,\N,\N,\N,\N,$2y$10$HMu6RRLllmEFka3QLOck8ujgnZ0ul3u/KdUd1OX/JStLC0rrK6qEG,0,0,1,0,\N,\N,\N,\N,\N,\N,\N,15706
4388,4388@invalid,35,Senaida,Staszak,4388@invalid,\N,Solarwinds,\N,\N,\N,\N,$2y$10$TlQ09EWrkDKA8ml7Hzdv7ORI/.48ojcf5tSmcOld9wzRHV3OxkKFa,0,0,1,0,\N,\N,\N,\N,\N,\N,\N,15710
4389,4389@invalid,35,Lianne,Lamielle,4389@invalid,\N,Solarwinds,\N,\N,\N,\N,$2y$10$uquO.hzczb.vGcw2TfZyPuAfWO0q3mrgX7PCrJ82MhaqsIwVnQanu,0,0,1,0,\N,\N,\N,\N,\N,\N,\N,15714
4390,4390@invalid,35,Jettie,Galagher,4390@invalid,\N,Solarwinds,\N,\N,\N,\N,$2y$10$.tMH2UrOLE5LfSwlbBmEweI1uf4Io0K4yOouwjik6Qc/lqmuLXOAa,0,0,1,0,\N,\N,\N,\N,\N,\N,\N,15718
4391,4391@invalid,35,Dominick,Vanfossen,4391@invalid,\N,Fordway,\N,\N,\N,\N,$2y$10$MraaQOAUp2clyo.nHI1YO.1LnnNV280bdcPPU5IIjPjEte3ief.am,0,0,1,0,\N,\N,\N,\N,\N,\N,\N,15722
4392,4392@invalid,35,Hershel,Starling,4392@invalid,\N,FourNet,\N,\N,\N,\N,$2y$10$z0btwc.DXpUoEcHYWQy6Xu8mtAO6HEhT96arE/mktsjQy0QY2reN2,0,0,1,0,\N,\N,\N,\N,\N,\N,\N,15726
4393,4393@invalid,35,In,Allon,4393@invalid,\N,Cisco,\N,\N,\N,\N,$2y$10$1gwVuK6XZdzXzYyFeyLiRuQ5q.Dgj75oV8BrZFGUjjDVbKHGh7SSO,0,0,1,0,\N,\N,\N,\N,\N,\N,\N,15730
4394,4394@invalid,35,Elden,Ziems,4394@invalid,\N,Cisco ,\N,\N,\N,\N,$2y$10$UbGCXWsMIZSeRpqVb5AWTet2tFwuRHuA5HZr.0GXWCDGis0Y0x2w2,0,0,1,0,\N,\N,\N,\N,\N,\N,\N,15734
4395,4395@invalid,35,Shalonda,Pol,4395@invalid,\N,AdEPT Education,,\N,\N,\N,$2y$10$C6UyNVPSIbwlTG.8g5kpNuyGw809sDJPVQybkoH272aqHsONC45kC,0,0,1,0,\N,\N,\N,\N,\N,\N,\N,15630
4396,4396@invalid,35,Beaulah,Hairgrove,4396@invalid,\N,hSo,\N,\N,\N,\N,$2y$10$4o1CEAOaVszoKrO96B9obOZbPglFSoswDvGmZBe4ozKT9m9jUFZzi,0,0,1,0,\N,\N,\N,\N,\N,\N,\N,15738
4397,4397@invalid,35,Porter,Longacre,4397@invalid,\N,Switchshop,\N,\N,\N,\N,$2y$10$DhU3.aVlyNPekB.X83KMmuDQ6FJSiVLFmREwLIFzXH3daCTtxiyt6,0,0,1,0,\N,\N,\N,\N,\N,\N,\N,15742
4398,4398@invalid,35,Tajuana,Burlaza,4398@invalid,\N,Switchshop,,\N,\N,\N,$2y$10$Tiex.jgI1XAKgeicNAIwT.A4isBQG2Dh2GOqJLO7mRz5TMy/JK4xS,0,0,1,0,\N,\N,\N,\N,\N,\N,\N,15746
4399,4399@invalid,35,Jerald,Nevilles,4399@invalid,\N,TNP,\N,\N,\N,\N,$2y$10$hMD7PHj8FaCEF/h1H9ZXCuFCAlblXXcmDre/Lm0vRaIlyKAkxA9Kq,0,0,1,0,\N,\N,\N,\N,\N,\N,\N,15750
4400,4400@invalid,35,Celesta,Alnas,4400@invalid,\N,TNP,\N,\N,\N,\N,$2y$10$9kIeY2Hb5XvvDGqvtpdeF.jur/6EXLYcYkEh6Rzk/U5eSraAYUETm,0,0,1,0,\N,\N,\N,\N,\N,\N,\N,15754
4401,4401@invalid,35,Wynell,Almas,4401@invalid,\N,TNP,\N,\N,\N,\N,$2y$10$atTLWQZ3bbB1g.Jw0Q1WZuzexOWOaWvJQ6pbYW3JcSegd4QQX2Hki,0,0,1,0,\N,\N,\N,\N,\N,\N,\N,15758
4402,4402@invalid,35,So,Jeanbart,4402@invalid,\N,Innopsis,,\N,\N,\N,$2y$10$yLo1.6G23vPFGYWitDITaeJmPcj8c0rVlAjQqgC0EtmX.4JeC6CYS,0,0,1,0,\N,\N,\N,\N,\N,\N,\N,15638
4403,4403@invalid,35,Sharolyn,Espinel,4403@invalid,\N,Juniper Networks,,\N,\N,\N,$2y$10$6s2f0q2VgOunrP9EbNmwiOJ.hGd0VecoD3J6ZwpfPf3/DaeGrID7C,0,0,1,0,\N,\N,\N,\N,\N,\N,\N,15642
4404,4404@invalid,35,Claire,Tippey,4404@invalid,\N,Daisy Corporate Services,,\N,\N,\N,$2y$10$oMAcaVmqKhC0/8zUfB3Xq.7YYHvZW01mE/HKStSBbXmspzkNI.WO2,0,0,1,0,\N,\N,\N,\N,\N,\N,\N,15690
4405,4405@invalid,35,Sherman,Fryson,4405@invalid,\N,Solarwinds,\N,\N,\N,\N,$2y$10$X8r168w.dnF8QKzPy0S/1e1XKcnhE4Opy9N6VF4OKRq9jfUq.TMuW,0,0,1,0,\N,\N,\N,\N,\N,\N,\N,15762
4406,4406@invalid,35,Bula,Keel,4406@invalid,\N,MLL Telecom,,\N,\N,\N,$2y$10$H1SuPhGSjnr84oW1SRXOvuYyHcf3.GnC5IRxX9VI5I3Y7FnKDtvf2,0,0,1,0,\N,\N,\N,\N,\N,\N,\N,15766
4407,4407@invalid,35,Autumn,Helgert,4407@invalid,\N,,,\N,\N,\N,$2y$10$llNVtHCOUwJSLi1KeylllOKRc1cRiLVJzBp2mSB7R4hg6nbIRJfmi,9,0,1,0,\N,\N,\N,\N,\N,\N,\N,15670
4408,4408@invalid,35,Elina,Brymer,4408@invalid,\N,MLL Telecom,\N,\N,\N,\N,$2y$10$EnxyNPskhJEOIH82S9H54O5xXguh.tnQDymr17Tps/ZAm7dyPWwlW,0,0,1,0,\N,\N,\N,\N,\N,\N,\N,15770
4409,4409@invalid,35,Tony,Brue,4409@invalid,\N,Fortinet,\N,\N,\N,\N,$2y$10$yw2qQZ1PP.KuUyOx5vknfOiSB.81z8VJYLk6sIX8RgoeX.FBTAstS,0,0,1,0,\N,\N,\N,\N,\N,\N,\N,15774
4410,4410@invalid,35,Darline,Kantner,4410@invalid,\N,TVCC,,\N,\N,\N,$2y$10$BtxjCbaFHqYAlwdYYxmr8usxTRr60GnAPKdQIgGywZ1JEBujKLina,0,0,1,0,\N,\N,\N,\N,\N,\N,\N,15778
4411,gjl@xitagy.com,35,Gerard,Lennox,gjl@xitagy.com,,,,,,,$2y$10$oub.KSK0z5mpDqb8yYv39.a3KdUK.G1ZdzlNCv9MY.OCXJqTROTba,9,0,1,0,\N,\N,\N,\N,\N,\N,\N,15900
